op_type,requests_per_bin,bins,fraction,cumulative_fraction
add,0,3657,0.6095,0.6095
add,1,1833,0.3055,0.915
add,2,423,0.0705,0.9855
add,3,77,0.012833333333333334,0.9983333333333333
add,4,10,0.0016666666666666668,1.0
search,0,4676,0.7793333333333333,0.7793333333333333
search,1,1188,0.198,0.9773333333333334
search,2,125,0.020833333333333332,0.9981666666666666
search,3,11,0.0018333333333333333,1.0
all,0,2829,0.4715,0.4715
all,1,2182,0.3636666666666667,0.8351666666666666
all,2,765,0.1275,0.9626666666666667
all,3,191,0.03183333333333333,0.9945
all,4,29,0.004833333333333334,0.9993333333333333
all,5,4,0.0006666666666666666,1.0
